시군구,신주소,구주소,시설명,시설유형,용량_톤_일
강릉시,강원특별자치도 강릉시 남구길5번길 30 (포남동),강원특별자치도 강릉시 포남동 1130번지 15호,비상급수시설 (유일연립 옆 공원),(정부지원시설),320톤/일
강릉시,강원특별자치도 강릉시 남산초교길 22-1 (내곡동),강원특별자치도 강릉시 내곡동 75번지 4호,비상급수시설(관동1차 아파트내),(정부지원시설),141톤/일
강릉시,강원특별자치도 강릉시 남구길24번길 25 (포남동),강원특별자치도 강릉시 포남동 1159번지,비상급수시설 (자비원 옆 공원),(정부지원시설),357톤/일
강릉시,강원특별자치도 강릉시 율곡로3173번길 11-1 (죽헌동),강원특별자치도 강릉시 죽헌동 254번지 2호,비상급수시설(죽헌마을회관 옆),(정부지원시설),254톤/일
강릉시,"강원특별자치도 강릉시 금성로 21 (금학동, 금학상가아파트)",강원특별자치도 강릉시 금학동 50번지,비상급수시설(중앙시장내),(공공용시설),250톤/일
강릉시,강원특별자치도 강릉시 강변로 16 (내곡동),강원특별자치도 강릉시 내곡동 81번지,비상급수시설(롯데주류(주)),(공공용시설),2680톤/일
강릉시,강원특별자치도 강릉시 모산로 212-9 (노암동),강원특별자치도 강릉시 노암동 74번지 13호,비상급수시설 (장현 마을회관 옆),(정부지원시설),212톤/일
강릉시,"강원특별자치도 강릉시 종합운동장길 72-21 (교동, 강릉시청소년수련장)",강원특별자치도 강릉시 교동 2번지 21호,비상급수시설(청소년수련관 옆),(정부지원시설),106톤/일
강릉시,강원특별자치도 강릉시 솔올로5번길 37 (교동),강원특별자치도 강릉시 교동 1891번지 1호,비상급수시설(분수공원내),(정부지원시설),180톤/일
강릉시,강원특별자치도 강릉시 입암로92번길 30-11 (입암동),강원특별자치도 강릉시 입암동 311번지 2호,비상급수시설(성덕공원 옆),(지자체시설),143톤/일
속초시,강원특별자치도 속초시 미시령로2983번길 111 (장사동),강원특별자치도 속초시 장사동 24번지 1호,한화리조트 설악 민방위급수시설,(공공용시설),1950톤/일
속초시,강원특별자치도 속초시 설악산로 470-7 (도문동),강원특별자치도 속초시 도문동 155번지,더케이설악산가족호텔 민방위비상급수시설,(공공용시설),336톤/일
속초시,강원특별자치도 속초시 도리원길 5-0 (노학동),강원특별자치도 속초시 노학동 635번지 1호,경동대학교 설악제2캠퍼스 민방위비상급수시설,(공공용시설),200톤/일
속초시,강원특별자치도 속초시 밤골3길 2-1 (교동),강원특별자치도 속초시 교동 943번지 13호,속여고 뒤 비상급수시설,(정부지원시설),250톤/일
속초시,강원특별자치도 속초시 선사로1길 40-3 (조양동),강원특별자치도 속초시 조양동 1511번지 1호,청봉초등학교 앞 비상급수시설,(정부지원시설),250톤/일
속초시,,강원특별자치도 속초시 영랑동 184번지 2호,드림주유소 뒤 비상급수시설,(정부지원시설),100톤/일
속초시,강원특별자치도 속초시 조양상가길 18 (조양동),강원특별자치도 속초시 조양동 1499번지 1호,부영3단지아파트 앞 비상급수시설,(정부지원시설),100톤/일
속초시,강원특별자치도 속초시 먹거리7길 1 (교동),강원특별자치도 속초시 교동 972번지,먹거리단지내 공원 비상급수시설,(정부지원시설),150톤/일
속초시,강원특별자치도 속초시 사당골길 43 (노학동),강원특별자치도 속초시 노학동 795번지 4호,금호설악리조트 비상급수시설,(공공용시설),550톤/일
속초시,,강원특별자치도 속초시 조양동 508-28,코아루아파트 인근 비상급수시설,(지자체시설),150톤/일
인제군,강원특별자치도 인제군 인제읍 인제로205번길 2,강원특별자치도 인제군 인제읍 상동리 362번지 5호,대도장,(공공용시설),80톤/일
인제군,"강원특별자치도 인제군 인제읍 살구미길 27-5, 자유수호공원 공중화장실",강원특별자치도 인제군 인제읍 남북리 435-11 자유수호공원 공중화장실,살구미 비상급수시설,(지자체시설),160톤/일
인제군,강원특별자치도 인제군 인제읍 비봉로22번길 5,강원특별자치도 인제군 인제읍 상동리 263번지 2호,동화장,(공공용시설),45톤/일
인제군,강원특별자치도 인제군 기린면 상하답로 130,강원특별자치도 인제군 기린면 북리 1500,인제오토테마파크(스피디움),(공공용시설),170톤/일
인제군,강원특별자치도 인제군 북면 십이선녀탕길 165,강원특별자치도 인제군 북면 용대리 1528번지 12호,내설악 미리내캠프,(공공용시설),300톤/일
인제군,강원특별자치도 인제군 서화면 천도로 96,강원특별자치도 인제군 서화면 천도리 601번지 4호,금강산장,(공공용시설),120톤/일
원주시,"강원특별자치도 원주시 개운4길 25, 상지여자중고등학교 (개운동)",강원특별자치도 원주시 개운동 50-1 상지여자중고등학교,상지여자중고등학교,(공공용시설),187톤/일
원주시,"강원특별자치도 원주시 치악로 1367, 원주시니어클럽 (관설동)",강원특별자치도 원주시 관설동 1279 원주시니어클럽,관설시니어클럽,(정부지원시설),173톤/일
원주시,"강원특별자치도 원주시 송림길 58-14, 단구어린이공원 (단구동)",강원특별자치도 원주시 단구동 1462-4 단구어린이공원,체육공원,(정부지원시설),300톤/일
원주시,"강원특별자치도 원주시 금불1길 72, 평원어린이공원 (단계동)",강원특별자치도 원주시 단계동 817 평원어린이공원,평원어린이공원,(정부지원시설),300톤/일
원주시,"강원특별자치도 원주시 서원대로 234 (단계동, 원주시청소년수련관)",강원특별자치도 원주시 단계동 909번지,청소년수련관,(정부지원시설),200톤/일
원주시,"강원특별자치도 원주시 문막읍 건등로 11, 문막읍 행정복지센터",강원특별자치도 원주시 문막읍 건등리 1718 문막읍 행정복지센터,문막읍 행정복지센터,(정부지원시설),200톤/일
원주시,"강원특별자치도 원주시 치악로1534번길 12-1, 희망어린이공원 (단구동)",강원특별자치도 원주시 단구동 1474-3 희망어린이공원,희망어린이공원,(정부지원시설),150톤/일
원주시,"강원특별자치도 원주시 삼광1길 10, 봉산어린이공원 (봉산동)",강원특별자치도 원주시 봉산동 1196-1 봉산어린이공원,삼광택지,(정부지원시설),150톤/일
원주시,"강원특별자치도 원주시 치악로 1765, 원고앞공원 (개운동)",강원특별자치도 원주시 개운동 415 원고앞공원,원고앞공원,(정부지원시설),200톤/일
원주시,"강원특별자치도 원주시 흥양로51번길 22(태장동, 태장주공1단지아파트)",강원특별자치도 원주시 태장동 2705 태장주공1단지아파트,태장주공1차아파트,(정부지원시설),100톤/일
원주시,"강원특별자치도 원주시 단관공원길 63, 단관공원 (관설동)",강원특별자치도 원주시 관설동 1751-3 단관공원,단관공원,(정부지원시설),100톤/일
원주시,"강원특별자치도 원주시 치악고교길 16, 관설어린이공원 (관설동)",강원특별자치도 원주시 관설동 1792-2 관설어린이공원,관설소공원,(정부지원시설),100톤/일
원주시,"강원특별자치도 원주시 진광길 50 (우산동, 진광중고등학교)",강원특별자치도 원주시 우산동 307번지 1호,진광중고등학교,(공공용시설),100톤/일
원주시,"강원특별자치도 원주시 예술관길 15 (명륜동, 원주 삼성아파트)",강원특별자치도 원주시 명륜동 547 원주 삼성아파트,삼성아파트,(공공용시설),500톤/일
원주시,"강원특별자치도 원주시 서원대로 308-0 (명륜동, 현대아파트)",강원특별자치도 원주시 명륜동 764번지,현대2차아파트,(공공용시설),1120톤/일
원주시,"강원특별자치도 원주시 남원로 524 (단구동, 대림아파트)",강원특별자치도 원주시 단구동 1517번지 1호,구곡대림아파트,(공공용시설),150톤/일
원주시,"강원특별자치도 원주시 흥양로 30(태장동, 대흥아파트)",강원특별자치도 원주시 태장동 1040-8 대흥아파트,대흥2차아파트,(공공용시설),500톤/일
원주시,강원특별자치도 원주시 서원대로 33 (단계동),강원특별자치도 원주시 단계동 592번지,농산물도매시장,(공공용시설),105톤/일
원주시,강원특별자치도 원주시 흥업면 한라대길 28 (한라대학교),강원특별자치도 원주시 흥업면 66번지,한라대학교,(공공용시설),2300톤/일
원주시,"강원특별자치도 원주시 고문골길 54, 미래고등학교 (행구동)",강원특별자치도 원주시 행구동 125-2 미래고등학교,미래고등학교,(공공용시설),100톤/일
원주시,"강원특별자치도 원주시 흥업면 연세대길 1, 연세대학교",강원특별자치도 원주시 흥업면 매지리 1875 연세대학교,연세대학교 미래캠퍼스,(공공용시설),630톤/일
춘천시,강원특별자치도 춘천시 세실로 100-12 (석사동),강원특별자치도 춘천시 석사동 37번지,영사우나,(공공용시설),100톤/일
춘천시,강원특별자치도 춘천시 중앙로 16 (요선동),강원특별자치도 춘천시 요선동 4번지 9호,무림빌딩,(공공용시설),200톤/일
춘천시,강원특별자치도 춘천시 방송길36번길 73-10 (근화동),강원특별자치도 춘천시 근화동 282번지 5호,테마모텔,(공공용시설),200톤/일
춘천시,강원특별자치도 춘천시 스무숲길 4-51 (석사동),강원특별자치도 춘천시 석사동 171번지 8호,시립양로원,(공공용시설),100톤/일
춘천시,강원특별자치도 춘천시 우묵들길 24 (퇴계동),강원특별자치도 춘천시 퇴계동 1155번지,대한스포렉스,(공공용시설),220톤/일
춘천시,강원특별자치도 춘천시 신북읍 장본길 74 (오동초등학교),강원특별자치도 춘천시 신북읍 473번지 2호,오동초등학교,(공공용시설),187톤/일
춘천시,"강원특별자치도 춘천시 삭주로 77 (교동, 춘천성심병원)",강원특별자치도 춘천시 교동 153번지,한림대학교춘천성심병원,(공공용시설),210톤/일
춘천시,강원특별자치도 춘천시 한림대학길 1 (후평동),강원특별자치도 춘천시 후평동 671번지,한림대학교(운동장),(공공용시설),260톤/일
춘천시,강원특별자치도 춘천시 한림대학길 1 (후평동),강원특별자치도 춘천시 후평동 529번지 12호,한림대학교(학생생활관),(공공용시설),130톤/일
춘천시,강원특별자치도 춘천시 남산면 북한강변길 688-0,강원특별자치도 춘천시 남산면 백양리 29번지 1호,엘리시안강촌,(공공용시설),800톤/일
춘천시,강원특별자치도 춘천시 동면 장학길 24 (강원고등학교),강원특별자치도 춘천시 동면 36번지,강원고등학교(행정실),(공공용시설),150톤/일
춘천시,,강원특별자치도 춘천시 남산면 서천리 697번지,한화호텔앤드리조트(W-2),(공공용시설),1500톤/일
춘천시,"강원특별자치도 춘천시 스포츠타운길 376 (삼천동, 춘천베어스타운관광호텔)",강원특별자치도 춘천시 삼천동 300번지 3호,춘천베어스관광호텔,(공공용시설),500톤/일
춘천시,강원특별자치도 춘천시 약사고개길 15-1 (죽림동),강원특별자치도 춘천시 죽림동 11-9,천호장,(공공용시설),3024톤/일
춘천시,"강원특별자치도 춘천시 사우4길 18, 한국농어촌공사강원지역본부 (우두동)",강원특별자치도 춘천시 우두동 765-5 한국농어촌공사강원지역본부,한국농어촌공사 강원지역본부,(공공용시설),3024톤/일
춘천시,강원특별자치도 춘천시 공지로 270 (효자동),강원특별자치도 춘천시 효자동 312-1,베드로병원,(공공용시설),1800톤/일
홍천군,강원특별자치도 홍천군 남면 시동안로321번길 20,강원특별자치도 홍천군 남면 33번지,남면 3기갑여단 부근,(정부지원시설),150톤/일
홍천군,강원특별자치도 홍천군 홍천읍 꽃뫼로 71 (홍천여자고등학교),강원특별자치도 홍천군 홍천읍 337번지,홍천여자고등학교,(정부지원시설),100톤/일
홍천군,강원특별자치도 홍천군 홍천읍 구시울1길 25 (삼호2차아파트),강원특별자치도 홍천군 홍천읍 155번지,홍천읍 삼호아파트,(공공용시설),870톤/일
홍천군,강원특별자치도 홍천군 홍천읍 홍천로 651,강원특별자치도 홍천군 홍천읍 309번지,어린이교통체험장,(정부지원시설),192톤/일
철원군,"강원특별자치도 철원군 동송읍 이평로 133, 동송읍사무소",강원특별자치도 철원군 동송읍 이평리 860-1 동송읍사무소,동송읍사무소,(정부지원시설),120톤/일
철원군,"강원특별자치도 철원군 철원읍 금학로256번길 12, 24시청하보석사우나",강원특별자치도 철원군 철원읍 화지리 28-44 24시청하보석사우나,청하사우나,(공공용시설),200톤/일
철원군,"강원특별자치도 철원군 갈말읍 갈말로 32-30, (주)그래미",강원특별자치도 철원군 갈말읍 군탄리 505-8 (주)그래미,그래미(주),(공공용시설),250톤/일
철원군,"강원특별자치도 철원군 동송읍 태봉로 1799-22, 한탄리버 스파호텔",강원특별자치도 철원군 동송읍 장흥리 20-20 한탄리버 스파호텔,한탄리버스파호텔,(공공용시설),200톤/일
철원군,"강원특별자치도 철원군 갈말읍 갈말로 32-30, (주)그래미",강원특별자치도 철원군 갈말읍 군탄리 505-8 (주)그래미,그래미(주),(공공용시설),200톤/일
철원군,"강원특별자치도 철원군 갈말읍 명성로 178, 갈말읍사무소",강원특별자치도 철원군 갈말읍 신철원리 991-1 갈말읍사무소,갈말읍사무소,(정부지원시설),140톤/일
철원군,"강원특별자치도 철원군 김화읍 외골길 16, 김화농공관리사무소",강원특별자치도 철원군 김화읍 청양리 2872 김화농공관리사무소,김화농공단지,(공공용시설),150톤/일
철원군,"강원특별자치도 철원군 김화읍 외골길 16, 김화농공관리사무소",강원특별자치도 철원군 김화읍 청양리 2872 김화농공관리사무소,김화농공단지,(공공용시설),200톤/일
