지역명,년월,평균기온
강릉,2023-01,2.4
강릉,2023-02,5.2
강릉,2023-03,12.1
강릉,2023-04,15.3
강릉,2023-05,20.3
강릉,2023-06,23.2
강릉,2023-07,27.5
강릉,2023-08,26.2
강릉,2023-09,22.4
강릉,2023-10,17.0
강릉,2023-11,10.5
강릉,2023-12,3.6
강릉,2024-01,2.2
강릉,2024-02,3.6
강릉,2024-03,7.0
강릉,2024-04,15.8
강릉,2024-05,19.5
강릉,2024-06,24.3
강릉,2024-07,27.9
강릉,2024-08,28.7
강릉,2024-09,23.1
강릉,2024-10,16.7
강릉,2024-11,11.5
강릉,2024-12,3.8
강릉,2025-01,1.9
강릉,2025-02,1.8
강릉,2025-03,8.0
강릉,2025-04,13.9
강릉,2025-05,18.3
강릉,2025-06,25.0
강릉,2025-07,28.8
강릉,2025-08,29.0
강릉,2025-09,23.3
강릉,2025-10,16.0
속초,2023-01,0.2
속초,2023-02,2.7
속초,2023-03,9.3
속초,2023-04,12.6
속초,2023-05,17.0
속초,2023-06,21.9
속초,2023-07,25.8
속초,2023-08,24.7
속초,2023-09,21.7
속초,2023-10,16.4
속초,2023-11,8.8
속초,2023-12,2.3
속초,2024-01,0.6
속초,2024-02,1.9
속초,2024-03,5.7
속초,2024-04,13.9
속초,2024-05,17.8
속초,2024-06,22.3
속초,2024-07,26.8
속초,2024-08,27.6
속초,2024-09,22.1
속초,2024-10,16.1
속초,2024-11,10.8
속초,2024-12,3.1
속초,2025-01,1.2
속초,2025-02,1.2
속초,2025-03,6.8
속초,2025-04,11.7
속초,2025-05,16.5
속초,2025-06,22.8
속초,2025-07,26.7
속초,2025-08,27.3
속초,2025-09,22.2
속초,2025-10,15.4
원주,2023-01,-2.3
원주,2023-02,1.9
원주,2023-03,9.5
원주,2023-04,13.5
원주,2023-05,18.6
원주,2023-06,23.1
원주,2023-07,25.9
원주,2023-08,26.7
원주,2023-09,22.7
원주,2023-10,13.9
원주,2023-11,6.9
원주,2023-12,1.0
원주,2024-01,-0.2
원주,2024-02,4.1
원주,2024-03,7.1
원주,2024-04,16.4
원주,2024-05,18.6
원주,2024-06,23.9
원주,2024-07,26.6
원주,2024-08,28.3
원주,2024-09,24.5
원주,2024-10,15.7
원주,2024-11,9.1
원주,2024-12,0.3
원주,2025-01,-1.3
원주,2025-02,-1.4
원주,2025-03,8.0
원주,2025-04,13.3
원주,2025-05,17.3
원주,2025-06,23.8
원주,2025-07,27.7
원주,2025-08,27.5
원주,2025-09,22.4
원주,2025-10,15.9
인제,2023-01,-4.6
인제,2023-02,-0.3
인제,2023-03,7.4
인제,2023-04,12.0
인제,2023-05,17.0
인제,2023-06,21.7
인제,2023-07,25.4
인제,2023-08,25.1
인제,2023-09,20.9
인제,2023-10,12.3
인제,2023-11,5.6
인제,2023-12,-1.0
인제,2024-01,-2.1
인제,2024-02,1.2
인제,2024-03,4.8
인제,2024-04,13.8
인제,2024-05,16.3
인제,2024-06,22.2
인제,2024-07,25.4
인제,2024-08,27.0
인제,2024-09,22.0
인제,2024-10,13.8
인제,2024-11,7.5
인제,2024-12,-1.9
인제,2025-01,-4.1
인제,2025-02,-3.8
인제,2025-03,4.7
인제,2025-04,11.7
인제,2025-05,15.0
인제,2025-06,21.9
인제,2025-07,25.4
인제,2025-08,25.7
인제,2025-09,20.2
인제,2025-10,14.0
철원,2023-01,-5.8
철원,2023-02,-0.9
철원,2023-03,6.7
철원,2023-04,11.7
철원,2023-05,17.4
철원,2023-06,21.7
철원,2023-07,25.4
철원,2023-08,25.1
철원,2023-09,21.3
철원,2023-10,12.4
철원,2023-11,4.3
철원,2023-12,-1.9
철원,2024-01,-3.3
철원,2024-02,1.2
철원,2024-03,4.4
철원,2024-04,14.2
철원,2024-05,16.6
철원,2024-06,22.7
철원,2024-07,25.3
철원,2024-08,27.2
철원,2024-09,22.6
철원,2024-10,13.5
철원,2024-11,6.5
철원,2024-12,-3.1
철원,2025-01,-4.5
철원,2025-02,-4.3
철원,2025-03,5.1
철원,2025-04,11.5
철원,2025-05,16.0
철원,2025-06,22.3
철원,2025-07,26.1
철원,2025-08,26.3
철원,2025-09,21.2
철원,2025-10,14.2
춘천,2023-01,-4.1
춘천,2023-02,0.3
춘천,2023-03,8.0
춘천,2023-04,12.5
춘천,2023-05,18.0
춘천,2023-06,22.5
춘천,2023-07,25.9
춘천,2023-08,26.0
춘천,2023-09,21.9
춘천,2023-10,12.9
춘천,2023-11,5.2
춘천,2023-12,-0.8
춘천,2024-01,-2.1
춘천,2024-02,2.1
춘천,2024-03,5.5
춘천,2024-04,15.0
춘천,2024-05,17.4
춘천,2024-06,23.5
춘천,2024-07,25.8
춘천,2024-08,28.0
춘천,2024-09,23.3
춘천,2024-10,14.5
춘천,2024-11,7.6
춘천,2024-12,-1.6
춘천,2025-01,-3.4
춘천,2025-02,-2.7
춘천,2025-03,6.3
춘천,2025-04,12.6
춘천,2025-05,16.4
춘천,2025-06,23.3
춘천,2025-07,27.0
춘천,2025-08,26.8
춘천,2025-09,21.6
춘천,2025-10,15.2
홍천,2023-01,-4.4
홍천,2023-02,0.2
홍천,2023-03,8.0
홍천,2023-04,12.4
홍천,2023-05,17.7
홍천,2023-06,22.3
홍천,2023-07,25.5
홍천,2023-08,25.7
홍천,2023-09,21.5
홍천,2023-10,12.3
홍천,2023-11,4.9
홍천,2023-12,-1.1
홍천,2024-01,-2.2
홍천,2024-02,2.0
홍천,2024-03,5.3
홍천,2024-04,14.8
홍천,2024-05,17.1
홍천,2024-06,22.8
홍천,2024-07,25.6
홍천,2024-08,27.5
홍천,2024-09,23.1
홍천,2024-10,14.1
홍천,2024-11,7.2
홍천,2024-12,-1.9
홍천,2025-01,-3.5
홍천,2025-02,-3.3
홍천,2025-03,6.1
홍천,2025-04,12.5
홍천,2025-05,16.1
홍천,2025-06,22.9
홍천,2025-07,26.8
홍천,2025-08,26.5
홍천,2025-09,21.4
홍천,2025-10,14.9
